"Group stations brackets";"Solved tickets"
"1";"2594.00000000000000000000"
"2-3";"360.00000000000000000000"
">3";"55.00000000000000000000"